Feature Type,Score,No. Topics,Execution Time
Doc2Vec,0.08326719277965455,20,0.014277291297912598
